text,label
"Фильм просто потрясающий, великолепная игра актеров и отличный сюжет",positive
"Очень понравилась книга, глубокий смысл и прекрасный язык",positive
"Превосходное качество обслуживания, персонал вежливый и внимательный",positive
"Еда была очень вкусная, все свежее и аппетитное, рекомендую",positive
"Замечательный спектакль, получил огромное удовольствие от просмотра",positive
"Отличный сервис, доставили заказ вовремя и без повреждений",positive
"Красивый дизайн и высокое качество сборки, покупкой доволен",positive
"Приятная атмосфера, вежливые сотрудники и быстрая работа",positive
"Шикарный отель, чистые номера и вкусные завтраки",positive
"Настоятельно рекомендую к посещению, прекрасный опыт",positive
"Ужасный сервис, ждали заказ больше двух часов, все остыло",negative
"Отвратительный фильм, бессмысленный сюжет и плохая игра актеров",negative
"Товар сломался на второй день, качество ужасное, никому не советую",negative
"Худший опыт в моей жизни, персонал хамит и отказывается помогать",negative
"Еда невкусная, все пересолено и выглядит несвежим",negative
"Полное разочарование, зря потратил время и деньги",negative
"Приложение постоянно вылетает и зависает, пользоваться невозможно",negative
"Грубые продавцы, в магазине грязно и неприятно находиться",negative
"Бракованный товар, возврат денег делать отказались, ужасно",negative
"Плохое качество материалов, всё треснуло сразу после распаковки",negative